Client_Gender,Hospitalization_Rate,Intubation_Rate,ICU_Rate
MALE,5.476492340200739,0.5821447437929214,1.012150026413101
FEMALE,3.9517153174162005,0.28743034559431646,0.5382539962308662
OTHER,0.3909304143862392,0,0
