Condition,Mortality_Rate
Intubated,49.36708860759494
Hospitalized,17.70364948238001
ICU,39.07306083038301
