Client_Gender,Mortality_Rate
MALE,1.4664553618594822
FEMALE,1.0584306122356748
OTHER,0.8079228563982278
