Age_Group,Mortality_Rate
19 and younger,0.007235759121578843
20 to 29 Years,0.012881949811923532
30 to 39 Years,0.04758991093888096
40 to 49 Years,0.1485183114341627
50 to 59 Years,0.47023719595105
60 to 69 Years,1.7215359678050417
70 to 79 Years,4.144151633552249
80 to 89 Years,7.497220083825165
90 and older,9.62331591971405
